train_loss,val_loss
0.7443104774835358,0.5773049733391311
0.54122248868075,0.5115192898685692
0.4553358302566434,0.5052643271632603
0.3830856370094028,0.50756711426883
0.32622450391172086,0.5485753550069925
